dispositivo,idEvidencia,tipo_alarma,falso_positivo,resultado,url_video
00D201207B,486870,Acceleration alarm,1,FALSO POSITIVO,https://strapi_cemex.gpstechserver.com/dispositivo/evidencias/vid/00D201207B/486870/1
00D201207B,486866,Acceleration alarm,1,FALSO POSITIVO,https://strapi_cemex.gpstechserver.com/dispositivo/evidencias/vid/00D201207B/486866/1
00D201207B,486862,Acceleration alarm,0,ALERTA REAL,https://strapi_cemex.gpstechserver.com/dispositivo/evidencias/vid/00D201207B/486862/1
00D201207B,486857,Acceleration alarm,1,FALSO POSITIVO,https://strapi_cemex.gpstechserver.com/dispositivo/evidencias/vid/00D201207B/486857/1
00D201207B,486846,Acceleration alarm,1,FALSO POSITIVO,https://strapi_cemex.gpstechserver.com/dispositivo/evidencias/vid/00D201207B/486846/1
00D201207B,486838,Acceleration alarm,1,FALSO POSITIVO,https://strapi_cemex.gpstechserver.com/dispositivo/evidencias/vid/00D201207B/486838/1
00D201207B,486834,Acceleration alarm,1,FALSO POSITIVO,https://strapi_cemex.gpstechserver.com/dispositivo/evidencias/vid/00D201207B/486834/1
00D201207B,484490,Acceleration alarm,1,FALSO POSITIVO,https://strapi_cemex.gpstechserver.com/dispositivo/evidencias/vid/00D201207B/484490/1
00D201207B,486839,Acceleration alarm,1,FALSO POSITIVO,https://strapi_cemex.gpstechserver.com/dispositivo/evidencias/vid/00D201207B/486839/1
00D201207B,484480,Acceleration alarm,1,FALSO POSITIVO,https://strapi_cemex.gpstechserver.com/dispositivo/evidencias/vid/00D201207B/484480/1
00D201207B,486840,Acceleration alarm,0,ALERTA REAL,https://strapi_cemex.gpstechserver.com/dispositivo/evidencias/vid/00D201207B/486840/1
00D201207B,484476,Acceleration alarm,1,FALSO POSITIVO,https://strapi_cemex.gpstechserver.com/dispositivo/evidencias/vid/00D201207B/484476/1
00D201207B,486842,Acceleration alarm,1,FALSO POSITIVO,https://strapi_cemex.gpstechserver.com/dispositivo/evidencias/vid/00D201207B/486842/1
00D201207B,484473,Acceleration alarm,1,FALSO POSITIVO,https://strapi_cemex.gpstechserver.com/dispositivo/evidencias/vid/00D201207B/484473/1
00D201207B,484478,Acceleration alarm,1,FALSO POSITIVO,https://strapi_cemex.gpstechserver.com/dispositivo/evidencias/vid/00D201207B/484478/1
00D201207B,484492,Acceleration alarm,0,ALERTA REAL,https://strapi_cemex.gpstechserver.com/dispositivo/evidencias/vid/00D201207B/484492/1
00D201207B,484466,Acceleration alarm,0,ALERTA REAL,https://strapi_cemex.gpstechserver.com/dispositivo/evidencias/vid/00D201207B/484466/1
00D201207B,484472,Acceleration alarm,1,FALSO POSITIVO,https://strapi_cemex.gpstechserver.com/dispositivo/evidencias/vid/00D201207B/484472/1
00D201207B,484464,Acceleration alarm,1,FALSO POSITIVO,https://strapi_cemex.gpstechserver.com/dispositivo/evidencias/vid/00D201207B/484464/1
00D201207B,484450,Acceleration alarm,0,ALERTA REAL,https://strapi_cemex.gpstechserver.com/dispositivo/evidencias/vid/00D201207B/484450/1
00D201207B,484440,Acceleration alarm,0,ALERTA REAL,https://strapi_cemex.gpstechserver.com/dispositivo/evidencias/vid/00D201207B/484440/1
00D201207B,484460,Acceleration alarm,0,ALERTA REAL,https://strapi_cemex.gpstechserver.com/dispositivo/evidencias/vid/00D201207B/484460/1
00D201207B,484409,Acceleration alarm,1,FALSO POSITIVO,https://strapi_cemex.gpstechserver.com/dispositivo/evidencias/vid/00D201207B/484409/1
00D201207B,484394,Acceleration alarm,1,FALSO POSITIVO,https://strapi_cemex.gpstechserver.com/dispositivo/evidencias/vid/00D201207B/484394/1
00D201207B,484407,Acceleration alarm,1,FALSO POSITIVO,https://strapi_cemex.gpstechserver.com/dispositivo/evidencias/vid/00D201207B/484407/1
00D201207B,484420,Acceleration alarm,1,FALSO POSITIVO,https://strapi_cemex.gpstechserver.com/dispositivo/evidencias/vid/00D201207B/484420/1
00D201207B,484392,Acceleration alarm,1,FALSO POSITIVO,https://strapi_cemex.gpstechserver.com/dispositivo/evidencias/vid/00D201207B/484392/1
00D201207B,484391,Acceleration alarm,1,FALSO POSITIVO,https://strapi_cemex.gpstechserver.com/dispositivo/evidencias/vid/00D201207B/484391/1
00D201207B,484229,Acceleration alarm,1,FALSO POSITIVO,https://strapi_cemex.gpstechserver.com/dispositivo/evidencias/vid/00D201207B/484229/1
00D201207B,484234,Acceleration alarm,1,FALSO POSITIVO,https://strapi_cemex.gpstechserver.com/dispositivo/evidencias/vid/00D201207B/484234/1
00D201207B,479075,Acceleration alarm,1,FALSO POSITIVO,https://strapi_cemex.gpstechserver.com/dispositivo/evidencias/vid/00D201207B/479075/1
00D201207B,479077,Acceleration alarm,0,ALERTA REAL,https://strapi_cemex.gpstechserver.com/dispositivo/evidencias/vid/00D201207B/479077/1
00D201207B,478904,Acceleration alarm,1,FALSO POSITIVO,https://strapi_cemex.gpstechserver.com/dispositivo/evidencias/vid/00D201207B/478904/1
00D201207B,478903,Acceleration alarm,0,ALERTA REAL,https://strapi_cemex.gpstechserver.com/dispositivo/evidencias/vid/00D201207B/478903/1
00D201207B,479162,Acceleration alarm,0,ALERTA REAL,https://strapi_cemex.gpstechserver.com/dispositivo/evidencias/vid/00D201207B/479162/1
00D201207B,478757,Acceleration alarm,0,ALERTA REAL,https://strapi_cemex.gpstechserver.com/dispositivo/evidencias/vid/00D201207B/478757/1
00D201207B,478922,Acceleration alarm,0,ALERTA REAL,https://strapi_cemex.gpstechserver.com/dispositivo/evidencias/vid/00D201207B/478922/1
00D201207B,478758,Acceleration alarm,1,FALSO POSITIVO,https://strapi_cemex.gpstechserver.com/dispositivo/evidencias/vid/00D201207B/478758/1
00D201207B,478721,Acceleration alarm,0,ALERTA REAL,https://strapi_cemex.gpstechserver.com/dispositivo/evidencias/vid/00D201207B/478721/1
00D201207B,479131,Acceleration alarm,0,ALERTA REAL,https://strapi_cemex.gpstechserver.com/dispositivo/evidencias/vid/00D201207B/479131/1
00D201207B,478704,Acceleration alarm,0,ALERTA REAL,https://strapi_cemex.gpstechserver.com/dispositivo/evidencias/vid/00D201207B/478704/1
00D201207B,478651,Acceleration alarm,0,ALERTA REAL,https://strapi_cemex.gpstechserver.com/dispositivo/evidencias/vid/00D201207B/478651/1
00D201207B,478649,Acceleration alarm,0,ALERTA REAL,https://strapi_cemex.gpstechserver.com/dispositivo/evidencias/vid/00D201207B/478649/1
00D201207B,478643,Acceleration alarm,1,FALSO POSITIVO,https://strapi_cemex.gpstechserver.com/dispositivo/evidencias/vid/00D201207B/478643/1
00D201207B,478699,Acceleration alarm,1,FALSO POSITIVO,https://strapi_cemex.gpstechserver.com/dispositivo/evidencias/vid/00D201207B/478699/1
00D201207B,477141,Acceleration alarm,1,FALSO POSITIVO,https://strapi_cemex.gpstechserver.com/dispositivo/evidencias/vid/00D201207B/477141/1
00D201207B,478640,Acceleration alarm,0,ALERTA REAL,https://strapi_cemex.gpstechserver.com/dispositivo/evidencias/vid/00D201207B/478640/1
00D201207B,478642,Acceleration alarm,1,FALSO POSITIVO,https://strapi_cemex.gpstechserver.com/dispositivo/evidencias/vid/00D201207B/478642/1
00D201207B,477122,Acceleration alarm,1,FALSO POSITIVO,https://strapi_cemex.gpstechserver.com/dispositivo/evidencias/vid/00D201207B/477122/1
00D201207B,477106,Acceleration alarm,1,FALSO POSITIVO,https://strapi_cemex.gpstechserver.com/dispositivo/evidencias/vid/00D201207B/477106/1
00D201207B,477022,Acceleration alarm,1,FALSO POSITIVO,https://strapi_cemex.gpstechserver.com/dispositivo/evidencias/vid/00D201207B/477022/1
00D201207B,477014,Acceleration alarm,1,FALSO POSITIVO,https://strapi_cemex.gpstechserver.com/dispositivo/evidencias/vid/00D201207B/477014/1
00D201207B,477011,Acceleration alarm,1,FALSO POSITIVO,https://strapi_cemex.gpstechserver.com/dispositivo/evidencias/vid/00D201207B/477011/1
00D201207B,477020,Acceleration alarm,1,FALSO POSITIVO,https://strapi_cemex.gpstechserver.com/dispositivo/evidencias/vid/00D201207B/477020/1
00D201207B,477003,Acceleration alarm,1,FALSO POSITIVO,https://strapi_cemex.gpstechserver.com/dispositivo/evidencias/vid/00D201207B/477003/1
00D201207B,477001,Acceleration alarm,1,FALSO POSITIVO,https://strapi_cemex.gpstechserver.com/dispositivo/evidencias/vid/00D201207B/477001/1
00D201207B,476998,Acceleration alarm,0,ALERTA REAL,https://strapi_cemex.gpstechserver.com/dispositivo/evidencias/vid/00D201207B/476998/1
00D201207B,476674,Acceleration alarm,1,FALSO POSITIVO,https://strapi_cemex.gpstechserver.com/dispositivo/evidencias/vid/00D201207B/476674/1
00D201207B,476662,Acceleration alarm,1,FALSO POSITIVO,https://strapi_cemex.gpstechserver.com/dispositivo/evidencias/vid/00D201207B/476662/1
00D201207B,476638,Acceleration alarm,1,FALSO POSITIVO,https://strapi_cemex.gpstechserver.com/dispositivo/evidencias/vid/00D201207B/476638/1
00D201207B,476628,Acceleration alarm,0,ALERTA REAL,https://strapi_cemex.gpstechserver.com/dispositivo/evidencias/vid/00D201207B/476628/1
00D201207B,476635,Acceleration alarm,0,ALERTA REAL,https://strapi_cemex.gpstechserver.com/dispositivo/evidencias/vid/00D201207B/476635/1
00D201207B,476425,Acceleration alarm,0,ALERTA REAL,https://strapi_cemex.gpstechserver.com/dispositivo/evidencias/vid/00D201207B/476425/1
00D201207B,476415,Acceleration alarm,1,FALSO POSITIVO,https://strapi_cemex.gpstechserver.com/dispositivo/evidencias/vid/00D201207B/476415/1
00D201207B,476383,Acceleration alarm,0,ALERTA REAL,https://strapi_cemex.gpstechserver.com/dispositivo/evidencias/vid/00D201207B/476383/1
00D201207B,476376,Acceleration alarm,1,FALSO POSITIVO,https://strapi_cemex.gpstechserver.com/dispositivo/evidencias/vid/00D201207B/476376/1
00D201207B,476340,Acceleration alarm,0,ALERTA REAL,https://strapi_cemex.gpstechserver.com/dispositivo/evidencias/vid/00D201207B/476340/1
00D201207B,476341,Acceleration alarm,0,ALERTA REAL,https://strapi_cemex.gpstechserver.com/dispositivo/evidencias/vid/00D201207B/476341/1
00D201207B,476077,Acceleration alarm,0,ALERTA REAL,https://strapi_cemex.gpstechserver.com/dispositivo/evidencias/vid/00D201207B/476077/1
00D201207B,476343,Acceleration alarm,0,ALERTA REAL,https://strapi_cemex.gpstechserver.com/dispositivo/evidencias/vid/00D201207B/476343/1
00D201207B,475811,Acceleration alarm,1,FALSO POSITIVO,https://strapi_cemex.gpstechserver.com/dispositivo/evidencias/vid/00D201207B/475811/1
00D201207B,475810,Acceleration alarm,0,ALERTA REAL,https://strapi_cemex.gpstechserver.com/dispositivo/evidencias/vid/00D201207B/475810/1
00D201207B,476050,Acceleration alarm,0,ALERTA REAL,https://strapi_cemex.gpstechserver.com/dispositivo/evidencias/vid/00D201207B/476050/1
00D201207B,476051,Acceleration alarm,1,FALSO POSITIVO,https://strapi_cemex.gpstechserver.com/dispositivo/evidencias/vid/00D201207B/476051/1
00D201207B,476052,Acceleration alarm,1,FALSO POSITIVO,https://strapi_cemex.gpstechserver.com/dispositivo/evidencias/vid/00D201207B/476052/1
00D201207B,476054,Acceleration alarm,1,FALSO POSITIVO,https://strapi_cemex.gpstechserver.com/dispositivo/evidencias/vid/00D201207B/476054/1
00D201207B,476056,Acceleration alarm,0,ALERTA REAL,https://strapi_cemex.gpstechserver.com/dispositivo/evidencias/vid/00D201207B/476056/1
00D201207B,476059,Acceleration alarm,1,FALSO POSITIVO,https://strapi_cemex.gpstechserver.com/dispositivo/evidencias/vid/00D201207B/476059/1
00D201207B,476058,Acceleration alarm,0,ALERTA REAL,https://strapi_cemex.gpstechserver.com/dispositivo/evidencias/vid/00D201207B/476058/1
00D201207B,475781,Acceleration alarm,1,FALSO POSITIVO,https://strapi_cemex.gpstechserver.com/dispositivo/evidencias/vid/00D201207B/475781/1
00D201207B,475784,Acceleration alarm,1,FALSO POSITIVO,https://strapi_cemex.gpstechserver.com/dispositivo/evidencias/vid/00D201207B/475784/1
00D201207B,475809,Acceleration alarm,0,ALERTA REAL,https://strapi_cemex.gpstechserver.com/dispositivo/evidencias/vid/00D201207B/475809/1
00D201207B,476060,Acceleration alarm,1,FALSO POSITIVO,https://strapi_cemex.gpstechserver.com/dispositivo/evidencias/vid/00D201207B/476060/1
00D201207B,475780,Acceleration alarm,0,ALERTA REAL,https://strapi_cemex.gpstechserver.com/dispositivo/evidencias/vid/00D201207B/475780/1
00D201207B,476070,Acceleration alarm,0,ALERTA REAL,https://strapi_cemex.gpstechserver.com/dispositivo/evidencias/vid/00D201207B/476070/1
00D201207B,475734,Acceleration alarm,1,FALSO POSITIVO,https://strapi_cemex.gpstechserver.com/dispositivo/evidencias/vid/00D201207B/475734/1
00D201207B,476079,Acceleration alarm,0,ALERTA REAL,https://strapi_cemex.gpstechserver.com/dispositivo/evidencias/vid/00D201207B/476079/1
00D201207B,475728,Acceleration alarm,1,FALSO POSITIVO,https://strapi_cemex.gpstechserver.com/dispositivo/evidencias/vid/00D201207B/475728/1
00D201207B,475729,Acceleration alarm,1,FALSO POSITIVO,https://strapi_cemex.gpstechserver.com/dispositivo/evidencias/vid/00D201207B/475729/1
00D201207B,475730,Acceleration alarm,0,ALERTA REAL,https://strapi_cemex.gpstechserver.com/dispositivo/evidencias/vid/00D201207B/475730/1
00D201207B,475549,Acceleration alarm,1,FALSO POSITIVO,https://strapi_cemex.gpstechserver.com/dispositivo/evidencias/vid/00D201207B/475549/1
00D201207B,475466,Acceleration alarm,1,FALSO POSITIVO,https://strapi_cemex.gpstechserver.com/dispositivo/evidencias/vid/00D201207B/475466/1
00D201207B,475463,Acceleration alarm,0,ALERTA REAL,https://strapi_cemex.gpstechserver.com/dispositivo/evidencias/vid/00D201207B/475463/1
00D201207B,475402,Acceleration alarm,1,FALSO POSITIVO,https://strapi_cemex.gpstechserver.com/dispositivo/evidencias/vid/00D201207B/475402/1
00D201207B,475399,Acceleration alarm,1,FALSO POSITIVO,https://strapi_cemex.gpstechserver.com/dispositivo/evidencias/vid/00D201207B/475399/1
00D201207B,475401,Acceleration alarm,0,ALERTA REAL,https://strapi_cemex.gpstechserver.com/dispositivo/evidencias/vid/00D201207B/475401/1
00D201207B,475446,Acceleration alarm,1,FALSO POSITIVO,https://strapi_cemex.gpstechserver.com/dispositivo/evidencias/vid/00D201207B/475446/1
00D201207B,475398,Acceleration alarm,0,ALERTA REAL,https://strapi_cemex.gpstechserver.com/dispositivo/evidencias/vid/00D201207B/475398/1
00D201207B,475447,Acceleration alarm,1,FALSO POSITIVO,https://strapi_cemex.gpstechserver.com/dispositivo/evidencias/vid/00D201207B/475447/1
00D201207B,475397,Acceleration alarm,0,ALERTA REAL,https://strapi_cemex.gpstechserver.com/dispositivo/evidencias/vid/00D201207B/475397/1
00D201207B,475396,Acceleration alarm,1,FALSO POSITIVO,https://strapi_cemex.gpstechserver.com/dispositivo/evidencias/vid/00D201207B/475396/1
00D201207B,475393,Acceleration alarm,1,FALSO POSITIVO,https://strapi_cemex.gpstechserver.com/dispositivo/evidencias/vid/00D201207B/475393/1
00D201207B,475388,Acceleration alarm,0,ALERTA REAL,https://strapi_cemex.gpstechserver.com/dispositivo/evidencias/vid/00D201207B/475388/1
00D201207B,475387,Acceleration alarm,1,FALSO POSITIVO,https://strapi_cemex.gpstechserver.com/dispositivo/evidencias/vid/00D201207B/475387/1
00D201207B,475385,Acceleration alarm,0,ALERTA REAL,https://strapi_cemex.gpstechserver.com/dispositivo/evidencias/vid/00D201207B/475385/1
00D201207B,475365,Acceleration alarm,1,FALSO POSITIVO,https://strapi_cemex.gpstechserver.com/dispositivo/evidencias/vid/00D201207B/475365/1
00D201207B,475324,Acceleration alarm,1,FALSO POSITIVO,https://strapi_cemex.gpstechserver.com/dispositivo/evidencias/vid/00D201207B/475324/1
00D201207B,475320,Acceleration alarm,1,FALSO POSITIVO,https://strapi_cemex.gpstechserver.com/dispositivo/evidencias/vid/00D201207B/475320/1
00D201207B,475314,Acceleration alarm,1,FALSO POSITIVO,https://strapi_cemex.gpstechserver.com/dispositivo/evidencias/vid/00D201207B/475314/1
00D201207B,475315,Acceleration alarm,1,FALSO POSITIVO,https://strapi_cemex.gpstechserver.com/dispositivo/evidencias/vid/00D201207B/475315/1
00D201207B,475321,Acceleration alarm,0,ALERTA REAL,https://strapi_cemex.gpstechserver.com/dispositivo/evidencias/vid/00D201207B/475321/1
00D201207B,475313,Acceleration alarm,1,FALSO POSITIVO,https://strapi_cemex.gpstechserver.com/dispositivo/evidencias/vid/00D201207B/475313/1
00D201207B,475310,Acceleration alarm,1,FALSO POSITIVO,https://strapi_cemex.gpstechserver.com/dispositivo/evidencias/vid/00D201207B/475310/1
00D201207B,475308,Acceleration alarm,1,FALSO POSITIVO,https://strapi_cemex.gpstechserver.com/dispositivo/evidencias/vid/00D201207B/475308/1
00D201207B,475312,Acceleration alarm,1,FALSO POSITIVO,https://strapi_cemex.gpstechserver.com/dispositivo/evidencias/vid/00D201207B/475312/1
00D201207B,475306,Acceleration alarm,1,FALSO POSITIVO,https://strapi_cemex.gpstechserver.com/dispositivo/evidencias/vid/00D201207B/475306/1
00D201207B,475318,Acceleration alarm,0,ALERTA REAL,https://strapi_cemex.gpstechserver.com/dispositivo/evidencias/vid/00D201207B/475318/1
00D201207B,475319,Acceleration alarm,1,FALSO POSITIVO,https://strapi_cemex.gpstechserver.com/dispositivo/evidencias/vid/00D201207B/475319/1
00D201207B,475322,Acceleration alarm,1,FALSO POSITIVO,https://strapi_cemex.gpstechserver.com/dispositivo/evidencias/vid/00D201207B/475322/1
00D201207B,475323,Acceleration alarm,1,FALSO POSITIVO,https://strapi_cemex.gpstechserver.com/dispositivo/evidencias/vid/00D201207B/475323/1
00D201207B,475325,Acceleration alarm,0,ALERTA REAL,https://strapi_cemex.gpstechserver.com/dispositivo/evidencias/vid/00D201207B/475325/1
00D201207B,475327,Acceleration alarm,1,FALSO POSITIVO,https://strapi_cemex.gpstechserver.com/dispositivo/evidencias/vid/00D201207B/475327/1
00D201207B,475328,Acceleration alarm,1,FALSO POSITIVO,https://strapi_cemex.gpstechserver.com/dispositivo/evidencias/vid/00D201207B/475328/1
00D201207B,475329,Acceleration alarm,1,FALSO POSITIVO,https://strapi_cemex.gpstechserver.com/dispositivo/evidencias/vid/00D201207B/475329/1
00D201207B,475331,Acceleration alarm,1,FALSO POSITIVO,https://strapi_cemex.gpstechserver.com/dispositivo/evidencias/vid/00D201207B/475331/1
00D201207B,475330,Acceleration alarm,0,ALERTA REAL,https://strapi_cemex.gpstechserver.com/dispositivo/evidencias/vid/00D201207B/475330/1
00D201207B,475274,Acceleration alarm,0,ALERTA REAL,https://strapi_cemex.gpstechserver.com/dispositivo/evidencias/vid/00D201207B/475274/1
00D201207B,474993,Acceleration alarm,1,FALSO POSITIVO,https://strapi_cemex.gpstechserver.com/dispositivo/evidencias/vid/00D201207B/474993/1
00D201207B,474990,Acceleration alarm,1,FALSO POSITIVO,https://strapi_cemex.gpstechserver.com/dispositivo/evidencias/vid/00D201207B/474990/1
00D201207B,475332,Acceleration alarm,1,FALSO POSITIVO,https://strapi_cemex.gpstechserver.com/dispositivo/evidencias/vid/00D201207B/475332/1
00D201207B,475333,Acceleration alarm,1,FALSO POSITIVO,https://strapi_cemex.gpstechserver.com/dispositivo/evidencias/vid/00D201207B/475333/1
00D201207B,475334,Acceleration alarm,1,FALSO POSITIVO,https://strapi_cemex.gpstechserver.com/dispositivo/evidencias/vid/00D201207B/475334/1
00D201207B,475337,Acceleration alarm,1,FALSO POSITIVO,https://strapi_cemex.gpstechserver.com/dispositivo/evidencias/vid/00D201207B/475337/1
00D201207B,475340,Acceleration alarm,0,ALERTA REAL,https://strapi_cemex.gpstechserver.com/dispositivo/evidencias/vid/00D201207B/475340/1
00D201207B,475342,Acceleration alarm,0,ALERTA REAL,https://strapi_cemex.gpstechserver.com/dispositivo/evidencias/vid/00D201207B/475342/1
00D201207B,474988,Acceleration alarm,1,FALSO POSITIVO,https://strapi_cemex.gpstechserver.com/dispositivo/evidencias/vid/00D201207B/474988/1
00D201207B,475344,Acceleration alarm,1,FALSO POSITIVO,https://strapi_cemex.gpstechserver.com/dispositivo/evidencias/vid/00D201207B/475344/1
00D201207B,474974,Acceleration alarm,1,FALSO POSITIVO,https://strapi_cemex.gpstechserver.com/dispositivo/evidencias/vid/00D201207B/474974/1
00D201207B,474961,Acceleration alarm,0,ALERTA REAL,https://strapi_cemex.gpstechserver.com/dispositivo/evidencias/vid/00D201207B/474961/1
00D201207B,474959,Acceleration alarm,1,FALSO POSITIVO,https://strapi_cemex.gpstechserver.com/dispositivo/evidencias/vid/00D201207B/474959/1
00D201207B,474960,Acceleration alarm,1,FALSO POSITIVO,https://strapi_cemex.gpstechserver.com/dispositivo/evidencias/vid/00D201207B/474960/1
00D201207B,474958,Acceleration alarm,1,FALSO POSITIVO,https://strapi_cemex.gpstechserver.com/dispositivo/evidencias/vid/00D201207B/474958/1
00D201207B,474957,Acceleration alarm,1,FALSO POSITIVO,https://strapi_cemex.gpstechserver.com/dispositivo/evidencias/vid/00D201207B/474957/1
00D201207B,474952,Acceleration alarm,1,FALSO POSITIVO,https://strapi_cemex.gpstechserver.com/dispositivo/evidencias/vid/00D201207B/474952/1
00D201207B,474951,Acceleration alarm,1,FALSO POSITIVO,https://strapi_cemex.gpstechserver.com/dispositivo/evidencias/vid/00D201207B/474951/1
00D201207B,474953,Acceleration alarm,0,ALERTA REAL,https://strapi_cemex.gpstechserver.com/dispositivo/evidencias/vid/00D201207B/474953/1
00D201207B,474949,Acceleration alarm,1,FALSO POSITIVO,https://strapi_cemex.gpstechserver.com/dispositivo/evidencias/vid/00D201207B/474949/1
00D201207B,474927,Acceleration alarm,0,ALERTA REAL,https://strapi_cemex.gpstechserver.com/dispositivo/evidencias/vid/00D201207B/474927/1
00D201207B,474924,Acceleration alarm,1,FALSO POSITIVO,https://strapi_cemex.gpstechserver.com/dispositivo/evidencias/vid/00D201207B/474924/1
00D201207B,474901,Acceleration alarm,0,ALERTA REAL,https://strapi_cemex.gpstechserver.com/dispositivo/evidencias/vid/00D201207B/474901/1
00D201207B,474449,Acceleration alarm,1,FALSO POSITIVO,https://strapi_cemex.gpstechserver.com/dispositivo/evidencias/vid/00D201207B/474449/1
00D201207B,474448,Acceleration alarm,0,ALERTA REAL,https://strapi_cemex.gpstechserver.com/dispositivo/evidencias/vid/00D201207B/474448/1
00D201207B,474447,Acceleration alarm,1,FALSO POSITIVO,https://strapi_cemex.gpstechserver.com/dispositivo/evidencias/vid/00D201207B/474447/1
00D201207B,474445,Acceleration alarm,0,ALERTA REAL,https://strapi_cemex.gpstechserver.com/dispositivo/evidencias/vid/00D201207B/474445/1
00D201207B,474396,Acceleration alarm,1,FALSO POSITIVO,https://strapi_cemex.gpstechserver.com/dispositivo/evidencias/vid/00D201207B/474396/1
00D201207B,474360,Acceleration alarm,0,ALERTA REAL,https://strapi_cemex.gpstechserver.com/dispositivo/evidencias/vid/00D201207B/474360/1
00D201207B,474359,Acceleration alarm,0,ALERTA REAL,https://strapi_cemex.gpstechserver.com/dispositivo/evidencias/vid/00D201207B/474359/1
00D201207B,474357,Acceleration alarm,0,ALERTA REAL,https://strapi_cemex.gpstechserver.com/dispositivo/evidencias/vid/00D201207B/474357/1
00D201207B,474355,Acceleration alarm,0,ALERTA REAL,https://strapi_cemex.gpstechserver.com/dispositivo/evidencias/vid/00D201207B/474355/1
00D201207B,474354,Acceleration alarm,1,FALSO POSITIVO,https://strapi_cemex.gpstechserver.com/dispositivo/evidencias/vid/00D201207B/474354/1
00D201207B,474351,Acceleration alarm,1,FALSO POSITIVO,https://strapi_cemex.gpstechserver.com/dispositivo/evidencias/vid/00D201207B/474351/1
00D201207B,474327,Acceleration alarm,1,FALSO POSITIVO,https://strapi_cemex.gpstechserver.com/dispositivo/evidencias/vid/00D201207B/474327/1
00D201207B,474326,Acceleration alarm,0,ALERTA REAL,https://strapi_cemex.gpstechserver.com/dispositivo/evidencias/vid/00D201207B/474326/1
00D201207B,474324,Acceleration alarm,1,FALSO POSITIVO,https://strapi_cemex.gpstechserver.com/dispositivo/evidencias/vid/00D201207B/474324/1
00D201207B,474323,Acceleration alarm,1,FALSO POSITIVO,https://strapi_cemex.gpstechserver.com/dispositivo/evidencias/vid/00D201207B/474323/1
00D201207B,474321,Acceleration alarm,1,FALSO POSITIVO,https://strapi_cemex.gpstechserver.com/dispositivo/evidencias/vid/00D201207B/474321/1
00D201207B,474298,Acceleration alarm,1,FALSO POSITIVO,https://strapi_cemex.gpstechserver.com/dispositivo/evidencias/vid/00D201207B/474298/1
00D201207B,474276,Acceleration alarm,1,FALSO POSITIVO,https://strapi_cemex.gpstechserver.com/dispositivo/evidencias/vid/00D201207B/474276/1
00D201207B,474275,Acceleration alarm,1,FALSO POSITIVO,https://strapi_cemex.gpstechserver.com/dispositivo/evidencias/vid/00D201207B/474275/1
00D201207B,474274,Acceleration alarm,1,FALSO POSITIVO,https://strapi_cemex.gpstechserver.com/dispositivo/evidencias/vid/00D201207B/474274/1
00D201207B,474268,Acceleration alarm,1,FALSO POSITIVO,https://strapi_cemex.gpstechserver.com/dispositivo/evidencias/vid/00D201207B/474268/1
00D201207B,473935,Acceleration alarm,1,FALSO POSITIVO,https://strapi_cemex.gpstechserver.com/dispositivo/evidencias/vid/00D201207B/473935/1
00D201207B,473927,Acceleration alarm,1,FALSO POSITIVO,https://strapi_cemex.gpstechserver.com/dispositivo/evidencias/vid/00D201207B/473927/1
00D201207B,473926,Acceleration alarm,0,ALERTA REAL,https://strapi_cemex.gpstechserver.com/dispositivo/evidencias/vid/00D201207B/473926/1
00D201207B,473924,Acceleration alarm,0,ALERTA REAL,https://strapi_cemex.gpstechserver.com/dispositivo/evidencias/vid/00D201207B/473924/1
00D201207B,473923,Acceleration alarm,1,FALSO POSITIVO,https://strapi_cemex.gpstechserver.com/dispositivo/evidencias/vid/00D201207B/473923/1
00D201207B,473922,Acceleration alarm,1,FALSO POSITIVO,https://strapi_cemex.gpstechserver.com/dispositivo/evidencias/vid/00D201207B/473922/1
00D201207B,473904,Acceleration alarm,0,ALERTA REAL,https://strapi_cemex.gpstechserver.com/dispositivo/evidencias/vid/00D201207B/473904/1
00D201207B,473900,Acceleration alarm,1,FALSO POSITIVO,https://strapi_cemex.gpstechserver.com/dispositivo/evidencias/vid/00D201207B/473900/1
00D201207B,473901,Acceleration alarm,1,FALSO POSITIVO,https://strapi_cemex.gpstechserver.com/dispositivo/evidencias/vid/00D201207B/473901/1
00D201207B,473898,Acceleration alarm,1,FALSO POSITIVO,https://strapi_cemex.gpstechserver.com/dispositivo/evidencias/vid/00D201207B/473898/1
00D201207B,473885,Acceleration alarm,1,FALSO POSITIVO,https://strapi_cemex.gpstechserver.com/dispositivo/evidencias/vid/00D201207B/473885/1
00D201207B,473743,Acceleration alarm,1,FALSO POSITIVO,https://strapi_cemex.gpstechserver.com/dispositivo/evidencias/vid/00D201207B/473743/1
00D201207B,473742,Acceleration alarm,1,FALSO POSITIVO,https://strapi_cemex.gpstechserver.com/dispositivo/evidencias/vid/00D201207B/473742/1
00D201207B,473740,Acceleration alarm,0,ALERTA REAL,https://strapi_cemex.gpstechserver.com/dispositivo/evidencias/vid/00D201207B/473740/1
00D201207B,473738,Acceleration alarm,1,FALSO POSITIVO,https://strapi_cemex.gpstechserver.com/dispositivo/evidencias/vid/00D201207B/473738/1
00D201207B,473735,Acceleration alarm,1,FALSO POSITIVO,https://strapi_cemex.gpstechserver.com/dispositivo/evidencias/vid/00D201207B/473735/1
00D201207B,473732,Acceleration alarm,1,FALSO POSITIVO,https://strapi_cemex.gpstechserver.com/dispositivo/evidencias/vid/00D201207B/473732/1
00D201207B,473714,Acceleration alarm,1,FALSO POSITIVO,https://strapi_cemex.gpstechserver.com/dispositivo/evidencias/vid/00D201207B/473714/1
00D201207B,473713,Acceleration alarm,0,ALERTA REAL,https://strapi_cemex.gpstechserver.com/dispositivo/evidencias/vid/00D201207B/473713/1
00D201207B,476418,Acceleration alarm,1,FALSO POSITIVO,https://strapi_cemex.gpstechserver.com/dispositivo/evidencias/vid/00D201207B/476418/1
00D201207B,475400,Acceleration alarm,1,FALSO POSITIVO,https://strapi_cemex.gpstechserver.com/dispositivo/evidencias/vid/00D201207B/475400/1
00D201207B,474920,Acceleration alarm,0,ALERTA REAL,https://strapi_cemex.gpstechserver.com/dispositivo/evidencias/vid/00D201207B/474920/1
00D201207B,473710,Acceleration alarm,0,ALERTA REAL,https://strapi_cemex.gpstechserver.com/dispositivo/evidencias/vid/00D201207B/473710/1
00D201207B,473404,Acceleration alarm,0,ALERTA REAL,https://strapi_cemex.gpstechserver.com/dispositivo/evidencias/vid/00D201207B/473404/1
00D201207B,473403,Acceleration alarm,1,FALSO POSITIVO,https://strapi_cemex.gpstechserver.com/dispositivo/evidencias/vid/00D201207B/473403/1
00D201207B,473395,Acceleration alarm,1,FALSO POSITIVO,https://strapi_cemex.gpstechserver.com/dispositivo/evidencias/vid/00D201207B/473395/1
00D201207B,473393,Acceleration alarm,1,FALSO POSITIVO,https://strapi_cemex.gpstechserver.com/dispositivo/evidencias/vid/00D201207B/473393/1
00D201207B,473389,Acceleration alarm,0,ALERTA REAL,https://strapi_cemex.gpstechserver.com/dispositivo/evidencias/vid/00D201207B/473389/1
00D201207B,473387,Acceleration alarm,0,ALERTA REAL,https://strapi_cemex.gpstechserver.com/dispositivo/evidencias/vid/00D201207B/473387/1
00D201207B,486860,Lane departure,1,FALSO POSITIVO,https://strapi_cemex.gpstechserver.com/dispositivo/evidencias/vid/00D201207B/486860/1
00D201207B,486841,Lane departure,1,FALSO POSITIVO,https://strapi_cemex.gpstechserver.com/dispositivo/evidencias/vid/00D201207B/486841/1
00D201207B,484491,Lane departure,1,FALSO POSITIVO,https://strapi_cemex.gpstechserver.com/dispositivo/evidencias/vid/00D201207B/484491/1
00D201207B,484489,Lane departure,1,FALSO POSITIVO,https://strapi_cemex.gpstechserver.com/dispositivo/evidencias/vid/00D201207B/484489/1
00D201207B,484488,Lane departure,0,ALERTA REAL,https://strapi_cemex.gpstechserver.com/dispositivo/evidencias/vid/00D201207B/484488/1
00D201207B,484487,Lane departure,1,FALSO POSITIVO,https://strapi_cemex.gpstechserver.com/dispositivo/evidencias/vid/00D201207B/484487/1
00D201207B,484481,Lane departure,1,FALSO POSITIVO,https://strapi_cemex.gpstechserver.com/dispositivo/evidencias/vid/00D201207B/484481/1
00D201207B,484462,Lane departure,1,FALSO POSITIVO,https://strapi_cemex.gpstechserver.com/dispositivo/evidencias/vid/00D201207B/484462/1
00D201207B,484452,Lane departure,1,FALSO POSITIVO,https://strapi_cemex.gpstechserver.com/dispositivo/evidencias/vid/00D201207B/484452/1
00D201207B,484449,Lane departure,1,FALSO POSITIVO,https://strapi_cemex.gpstechserver.com/dispositivo/evidencias/vid/00D201207B/484449/1
00D201207B,484438,Lane departure,1,FALSO POSITIVO,https://strapi_cemex.gpstechserver.com/dispositivo/evidencias/vid/00D201207B/484438/1
00D201207B,484413,Lane departure,1,FALSO POSITIVO,https://strapi_cemex.gpstechserver.com/dispositivo/evidencias/vid/00D201207B/484413/1
00D201207B,484384,Lane departure,1,FALSO POSITIVO,https://strapi_cemex.gpstechserver.com/dispositivo/evidencias/vid/00D201207B/484384/1
00D201207B,484231,Lane departure,1,FALSO POSITIVO,https://strapi_cemex.gpstechserver.com/dispositivo/evidencias/vid/00D201207B/484231/1
00D201207B,479128,Lane departure,0,ALERTA REAL,https://strapi_cemex.gpstechserver.com/dispositivo/evidencias/vid/00D201207B/479128/1
00D201207B,479105,Lane departure,1,FALSO POSITIVO,https://strapi_cemex.gpstechserver.com/dispositivo/evidencias/vid/00D201207B/479105/1
00D201207B,478914,Lane departure,0,ALERTA REAL,https://strapi_cemex.gpstechserver.com/dispositivo/evidencias/vid/00D201207B/478914/1
00D201207B,478916,Lane departure,1,FALSO POSITIVO,https://strapi_cemex.gpstechserver.com/dispositivo/evidencias/vid/00D201207B/478916/1
00D201207B,478913,Lane departure,0,ALERTA REAL,https://strapi_cemex.gpstechserver.com/dispositivo/evidencias/vid/00D201207B/478913/1
00D201207B,478906,Lane departure,0,ALERTA REAL,https://strapi_cemex.gpstechserver.com/dispositivo/evidencias/vid/00D201207B/478906/1
00D201207B,479126,Lane departure,0,ALERTA REAL,https://strapi_cemex.gpstechserver.com/dispositivo/evidencias/vid/00D201207B/479126/1
00D201207B,478897,Lane departure,0,ALERTA REAL,https://strapi_cemex.gpstechserver.com/dispositivo/evidencias/vid/00D201207B/478897/1
00D201207B,478887,Lane departure,0,ALERTA REAL,https://strapi_cemex.gpstechserver.com/dispositivo/evidencias/vid/00D201207B/478887/1
00D201207B,478872,Lane departure,0,ALERTA REAL,https://strapi_cemex.gpstechserver.com/dispositivo/evidencias/vid/00D201207B/478872/1
00D201207B,478861,Lane departure,0,ALERTA REAL,https://strapi_cemex.gpstechserver.com/dispositivo/evidencias/vid/00D201207B/478861/1
00D201207B,478851,Lane departure,0,ALERTA REAL,https://strapi_cemex.gpstechserver.com/dispositivo/evidencias/vid/00D201207B/478851/1
00D201207B,478846,Lane departure,0,ALERTA REAL,https://strapi_cemex.gpstechserver.com/dispositivo/evidencias/vid/00D201207B/478846/1
00D201207B,478843,Lane departure,0,ALERTA REAL,https://strapi_cemex.gpstechserver.com/dispositivo/evidencias/vid/00D201207B/478843/1
00D201207B,478834,Lane departure,1,FALSO POSITIVO,https://strapi_cemex.gpstechserver.com/dispositivo/evidencias/vid/00D201207B/478834/1
00D201207B,478824,Lane departure,0,ALERTA REAL,https://strapi_cemex.gpstechserver.com/dispositivo/evidencias/vid/00D201207B/478824/1
00D201207B,478797,Lane departure,0,ALERTA REAL,https://strapi_cemex.gpstechserver.com/dispositivo/evidencias/vid/00D201207B/478797/1
00D201207B,478783,Lane departure,0,ALERTA REAL,https://strapi_cemex.gpstechserver.com/dispositivo/evidencias/vid/00D201207B/478783/1
00D201207B,478773,Lane departure,0,ALERTA REAL,https://strapi_cemex.gpstechserver.com/dispositivo/evidencias/vid/00D201207B/478773/1
00D201207B,478767,Lane departure,0,ALERTA REAL,https://strapi_cemex.gpstechserver.com/dispositivo/evidencias/vid/00D201207B/478767/1
00D201207B,478765,Lane departure,0,ALERTA REAL,https://strapi_cemex.gpstechserver.com/dispositivo/evidencias/vid/00D201207B/478765/1
00D201207B,478753,Lane departure,0,ALERTA REAL,https://strapi_cemex.gpstechserver.com/dispositivo/evidencias/vid/00D201207B/478753/1
00D201207B,478727,Lane departure,0,ALERTA REAL,https://strapi_cemex.gpstechserver.com/dispositivo/evidencias/vid/00D201207B/478727/1
00D201207B,478722,Lane departure,1,FALSO POSITIVO,https://strapi_cemex.gpstechserver.com/dispositivo/evidencias/vid/00D201207B/478722/1
00D201207B,478690,Lane departure,0,ALERTA REAL,https://strapi_cemex.gpstechserver.com/dispositivo/evidencias/vid/00D201207B/478690/1
00D201207B,478678,Lane departure,0,ALERTA REAL,https://strapi_cemex.gpstechserver.com/dispositivo/evidencias/vid/00D201207B/478678/1
00D201207B,478641,Lane departure,1,FALSO POSITIVO,https://strapi_cemex.gpstechserver.com/dispositivo/evidencias/vid/00D201207B/478641/1
00D201207B,478630,Lane departure,0,ALERTA REAL,https://strapi_cemex.gpstechserver.com/dispositivo/evidencias/vid/00D201207B/478630/1
00D201207B,477148,Lane departure,0,ALERTA REAL,https://strapi_cemex.gpstechserver.com/dispositivo/evidencias/vid/00D201207B/477148/1
00D201207B,477137,Lane departure,0,ALERTA REAL,https://strapi_cemex.gpstechserver.com/dispositivo/evidencias/vid/00D201207B/477137/1
00D201207B,477118,Lane departure,1,FALSO POSITIVO,https://strapi_cemex.gpstechserver.com/dispositivo/evidencias/vid/00D201207B/477118/1
00D201207B,477002,Lane departure,0,ALERTA REAL,https://strapi_cemex.gpstechserver.com/dispositivo/evidencias/vid/00D201207B/477002/1
00D201207B,476664,Lane departure,0,ALERTA REAL,https://strapi_cemex.gpstechserver.com/dispositivo/evidencias/vid/00D201207B/476664/1
00D201207B,476629,Lane departure,0,ALERTA REAL,https://strapi_cemex.gpstechserver.com/dispositivo/evidencias/vid/00D201207B/476629/1
00D201207B,476403,Lane departure,0,ALERTA REAL,https://strapi_cemex.gpstechserver.com/dispositivo/evidencias/vid/00D201207B/476403/1
00D201207B,476377,Lane departure,1,FALSO POSITIVO,https://strapi_cemex.gpstechserver.com/dispositivo/evidencias/vid/00D201207B/476377/1
00D201207B,476366,Lane departure,0,ALERTA REAL,https://strapi_cemex.gpstechserver.com/dispositivo/evidencias/vid/00D201207B/476366/1
00D201207B,476348,Lane departure,0,ALERTA REAL,https://strapi_cemex.gpstechserver.com/dispositivo/evidencias/vid/00D201207B/476348/1
00D201207B,476078,Lane departure,0,ALERTA REAL,https://strapi_cemex.gpstechserver.com/dispositivo/evidencias/vid/00D201207B/476078/1
00D201207B,476057,Lane departure,1,FALSO POSITIVO,https://strapi_cemex.gpstechserver.com/dispositivo/evidencias/vid/00D201207B/476057/1
00D201207B,476053,Lane departure,0,ALERTA REAL,https://strapi_cemex.gpstechserver.com/dispositivo/evidencias/vid/00D201207B/476053/1
00D201207B,475783,Lane departure,0,ALERTA REAL,https://strapi_cemex.gpstechserver.com/dispositivo/evidencias/vid/00D201207B/475783/1
00D201207B,475767,Lane departure,0,ALERTA REAL,https://strapi_cemex.gpstechserver.com/dispositivo/evidencias/vid/00D201207B/475767/1
00D201207B,475727,Lane departure,0,ALERTA REAL,https://strapi_cemex.gpstechserver.com/dispositivo/evidencias/vid/00D201207B/475727/1
00D201207B,475704,Lane departure,0,ALERTA REAL,https://strapi_cemex.gpstechserver.com/dispositivo/evidencias/vid/00D201207B/475704/1
00D201207B,475731,Lane departure,0,ALERTA REAL,https://strapi_cemex.gpstechserver.com/dispositivo/evidencias/vid/00D201207B/475731/1
00D201207B,476082,Lane departure,0,ALERTA REAL,https://strapi_cemex.gpstechserver.com/dispositivo/evidencias/vid/00D201207B/476082/1
00D201207B,475632,Lane departure,0,ALERTA REAL,https://strapi_cemex.gpstechserver.com/dispositivo/evidencias/vid/00D201207B/475632/1
00D201207B,475621,Lane departure,1,FALSO POSITIVO,https://strapi_cemex.gpstechserver.com/dispositivo/evidencias/vid/00D201207B/475621/1
00D201207B,475550,Lane departure,0,ALERTA REAL,https://strapi_cemex.gpstechserver.com/dispositivo/evidencias/vid/00D201207B/475550/1
00D201207B,475584,Lane departure,0,ALERTA REAL,https://strapi_cemex.gpstechserver.com/dispositivo/evidencias/vid/00D201207B/475584/1
00D201207B,475500,Lane departure,0,ALERTA REAL,https://strapi_cemex.gpstechserver.com/dispositivo/evidencias/vid/00D201207B/475500/1
00D201207B,475502,Lane departure,0,ALERTA REAL,https://strapi_cemex.gpstechserver.com/dispositivo/evidencias/vid/00D201207B/475502/1
00D201207B,475511,Lane departure,0,ALERTA REAL,https://strapi_cemex.gpstechserver.com/dispositivo/evidencias/vid/00D201207B/475511/1
00D201207B,475464,Lane departure,0,ALERTA REAL,https://strapi_cemex.gpstechserver.com/dispositivo/evidencias/vid/00D201207B/475464/1
00D201207B,475456,Lane departure,0,ALERTA REAL,https://strapi_cemex.gpstechserver.com/dispositivo/evidencias/vid/00D201207B/475456/1
00D201207B,475375,Lane departure,0,ALERTA REAL,https://strapi_cemex.gpstechserver.com/dispositivo/evidencias/vid/00D201207B/475375/1
00D201207B,474917,Lane departure,1,FALSO POSITIVO,https://strapi_cemex.gpstechserver.com/dispositivo/evidencias/vid/00D201207B/474917/1
00D201207B,486865,Forward Collision Warning,0,ALERTA REAL,https://strapi_cemex.gpstechserver.com/dispositivo/evidencias/vid/00D201207B/486865/1
00D201207B,486861,Forward Collision Warning,0,ALERTA REAL,https://strapi_cemex.gpstechserver.com/dispositivo/evidencias/vid/00D201207B/486861/1
00D201207B,484479,Forward Collision Warning,0,ALERTA REAL,https://strapi_cemex.gpstechserver.com/dispositivo/evidencias/vid/00D201207B/484479/1
00D201207B,484477,Forward Collision Warning,1,FALSO POSITIVO,https://strapi_cemex.gpstechserver.com/dispositivo/evidencias/vid/00D201207B/484477/1
00D201207B,484474,Forward Collision Warning,0,ALERTA REAL,https://strapi_cemex.gpstechserver.com/dispositivo/evidencias/vid/00D201207B/484474/1
00D201207B,484451,Forward Collision Warning,0,ALERTA REAL,https://strapi_cemex.gpstechserver.com/dispositivo/evidencias/vid/00D201207B/484451/1
00D201207B,484248,Forward Collision Warning,0,ALERTA REAL,https://strapi_cemex.gpstechserver.com/dispositivo/evidencias/vid/00D201207B/484248/1
00D201207B,479103,Forward Collision Warning,1,FALSO POSITIVO,https://strapi_cemex.gpstechserver.com/dispositivo/evidencias/vid/00D201207B/479103/1
00D201207B,478801,Forward Collision Warning,0,ALERTA REAL,https://strapi_cemex.gpstechserver.com/dispositivo/evidencias/vid/00D201207B/478801/1
00D201207B,478708,Forward Collision Warning,1,FALSO POSITIVO,https://strapi_cemex.gpstechserver.com/dispositivo/evidencias/vid/00D201207B/478708/1
00D201207B,478664,Forward Collision Warning,0,ALERTA REAL,https://strapi_cemex.gpstechserver.com/dispositivo/evidencias/vid/00D201207B/478664/1
00D201207B,478660,Forward Collision Warning,0,ALERTA REAL,https://strapi_cemex.gpstechserver.com/dispositivo/evidencias/vid/00D201207B/478660/1
00D201207B,478645,Forward Collision Warning,1,FALSO POSITIVO,https://strapi_cemex.gpstechserver.com/dispositivo/evidencias/vid/00D201207B/478645/1
00D201207B,478622,Forward Collision Warning,1,FALSO POSITIVO,https://strapi_cemex.gpstechserver.com/dispositivo/evidencias/vid/00D201207B/478622/1
00D201207B,478583,Forward Collision Warning,1,FALSO POSITIVO,https://strapi_cemex.gpstechserver.com/dispositivo/evidencias/vid/00D201207B/478583/1
00D201207B,478582,Forward Collision Warning,1,FALSO POSITIVO,https://strapi_cemex.gpstechserver.com/dispositivo/evidencias/vid/00D201207B/478582/1
00D201207B,478581,Forward Collision Warning,0,ALERTA REAL,https://strapi_cemex.gpstechserver.com/dispositivo/evidencias/vid/00D201207B/478581/1
00D201207B,477115,Forward Collision Warning,1,FALSO POSITIVO,https://strapi_cemex.gpstechserver.com/dispositivo/evidencias/vid/00D201207B/477115/1
00D201207B,477005,Forward Collision Warning,0,ALERTA REAL,https://strapi_cemex.gpstechserver.com/dispositivo/evidencias/vid/00D201207B/477005/1
00D201207B,477000,Forward Collision Warning,0,ALERTA REAL,https://strapi_cemex.gpstechserver.com/dispositivo/evidencias/vid/00D201207B/477000/1
00D201207B,476659,Forward Collision Warning,1,FALSO POSITIVO,https://strapi_cemex.gpstechserver.com/dispositivo/evidencias/vid/00D201207B/476659/1
00D201207B,476344,Forward Collision Warning,0,ALERTA REAL,https://strapi_cemex.gpstechserver.com/dispositivo/evidencias/vid/00D201207B/476344/1
00D201207B,475726,Forward Collision Warning,0,ALERTA REAL,https://strapi_cemex.gpstechserver.com/dispositivo/evidencias/vid/00D201207B/475726/1
00D201207B,475666,Forward Collision Warning,0,ALERTA REAL,https://strapi_cemex.gpstechserver.com/dispositivo/evidencias/vid/00D201207B/475666/1
00D201207B,475637,Forward Collision Warning,0,ALERTA REAL,https://strapi_cemex.gpstechserver.com/dispositivo/evidencias/vid/00D201207B/475637/1
00D2012BE7,500013,Driver Distraction,1,FALSO POSITIVO,https://strapi_cemex.gpstechserver.com/dispositivo/evidencias/vid/00D2012BE7/500013/1
00D2012BE7,500014,Driver Distraction,1,FALSO POSITIVO,https://strapi_cemex.gpstechserver.com/dispositivo/evidencias/vid/00D2012BE7/500014/1
00D2012BE7,499980,Driver Distraction,1,FALSO POSITIVO,https://strapi_cemex.gpstechserver.com/dispositivo/evidencias/vid/00D2012BE7/499980/1
00D2012BE7,499981,Driver Distraction,1,FALSO POSITIVO,https://strapi_cemex.gpstechserver.com/dispositivo/evidencias/vid/00D2012BE7/499981/1
00D201207B,484496,Driver Distraction,1,FALSO POSITIVO,https://strapi_cemex.gpstechserver.com/dispositivo/evidencias/vid/00D201207B/484496/1
00D201207B,484493,Driver Distraction,0,ALERTA REAL,https://strapi_cemex.gpstechserver.com/dispositivo/evidencias/vid/00D201207B/484493/1
00D201207B,484475,Driver Distraction,1,FALSO POSITIVO,https://strapi_cemex.gpstechserver.com/dispositivo/evidencias/vid/00D201207B/484475/1
00D201207B,484411,Driver Distraction,0,ALERTA REAL,https://strapi_cemex.gpstechserver.com/dispositivo/evidencias/vid/00D201207B/484411/1
00D201207B,484387,Driver Distraction,1,FALSO POSITIVO,https://strapi_cemex.gpstechserver.com/dispositivo/evidencias/vid/00D201207B/484387/1
00D2012BE7,500051,Driver Distraction,1,FALSO POSITIVO,https://strapi_cemex.gpstechserver.com/dispositivo/evidencias/vid/00D2012BE7/500051/1
00D2012BE7,500120,Driver Distraction,1,FALSO POSITIVO,https://strapi_cemex.gpstechserver.com/dispositivo/evidencias/vid/00D2012BE7/500120/1
00D2012BE7,500050,Driver Distraction,1,FALSO POSITIVO,https://strapi_cemex.gpstechserver.com/dispositivo/evidencias/vid/00D2012BE7/500050/1
00D201207B,478925,Driver Distraction,1,FALSO POSITIVO,https://strapi_cemex.gpstechserver.com/dispositivo/evidencias/vid/00D201207B/478925/1
00D201207B,478926,Driver Distraction,1,FALSO POSITIVO,https://strapi_cemex.gpstechserver.com/dispositivo/evidencias/vid/00D201207B/478926/1
00D201207B,479074,Driver Distraction,1,FALSO POSITIVO,https://strapi_cemex.gpstechserver.com/dispositivo/evidencias/vid/00D201207B/479074/1
00D201207B,478707,Driver Distraction,1,FALSO POSITIVO,https://strapi_cemex.gpstechserver.com/dispositivo/evidencias/vid/00D201207B/478707/1
00D201207B,478691,Driver Distraction,1,FALSO POSITIVO,https://strapi_cemex.gpstechserver.com/dispositivo/evidencias/vid/00D201207B/478691/1
00D201207B,478662,Driver Distraction,0,ALERTA REAL,https://strapi_cemex.gpstechserver.com/dispositivo/evidencias/vid/00D201207B/478662/1
00D201207B,476339,Driver Distraction,1,FALSO POSITIVO,https://strapi_cemex.gpstechserver.com/dispositivo/evidencias/vid/00D201207B/476339/1
00D201207B,476342,Driver Distraction,0,ALERTA REAL,https://strapi_cemex.gpstechserver.com/dispositivo/evidencias/vid/00D201207B/476342/1
00D201207B,476076,Driver Distraction,0,ALERTA REAL,https://strapi_cemex.gpstechserver.com/dispositivo/evidencias/vid/00D201207B/476076/1
00D201207B,475648,Driver Distraction,0,ALERTA REAL,https://strapi_cemex.gpstechserver.com/dispositivo/evidencias/vid/00D201207B/475648/1
00D201207B,475640,Driver Distraction,0,ALERTA REAL,https://strapi_cemex.gpstechserver.com/dispositivo/evidencias/vid/00D201207B/475640/1
00D201207B,475578,Driver Distraction,0,ALERTA REAL,https://strapi_cemex.gpstechserver.com/dispositivo/evidencias/vid/00D201207B/475578/1
00D201207B,475467,Driver Distraction,0,ALERTA REAL,https://strapi_cemex.gpstechserver.com/dispositivo/evidencias/vid/00D201207B/475467/1
00D201207B,475366,Driver Distraction,0,ALERTA REAL,https://strapi_cemex.gpstechserver.com/dispositivo/evidencias/vid/00D201207B/475366/1
00D201207B,475277,Driver Distraction,0,ALERTA REAL,https://strapi_cemex.gpstechserver.com/dispositivo/evidencias/vid/00D201207B/475277/1
00D201207B,473972,Driver Distraction,0,ALERTA REAL,https://strapi_cemex.gpstechserver.com/dispositivo/evidencias/vid/00D201207B/473972/1
00D201207B,473903,Driver Distraction,1,FALSO POSITIVO,https://strapi_cemex.gpstechserver.com/dispositivo/evidencias/vid/00D201207B/473903/1
00D201207B,473390,Driver Distraction,0,ALERTA REAL,https://strapi_cemex.gpstechserver.com/dispositivo/evidencias/vid/00D201207B/473390/1
00D201207B,473184,Driver Distraction,0,ALERTA REAL,https://strapi_cemex.gpstechserver.com/dispositivo/evidencias/vid/00D201207B/473184/1
00D201207B,472680,Driver Distraction,0,ALERTA REAL,https://strapi_cemex.gpstechserver.com/dispositivo/evidencias/vid/00D201207B/472680/1
00D201207B,472376,Driver Distraction,1,FALSO POSITIVO,https://strapi_cemex.gpstechserver.com/dispositivo/evidencias/vid/00D201207B/472376/1
00D201207B,472379,Driver Distraction,1,FALSO POSITIVO,https://strapi_cemex.gpstechserver.com/dispositivo/evidencias/vid/00D201207B/472379/1
00D201207B,472382,Driver Distraction,0,ALERTA REAL,https://strapi_cemex.gpstechserver.com/dispositivo/evidencias/vid/00D201207B/472382/1
00D201207B,472386,Driver Distraction,0,ALERTA REAL,https://strapi_cemex.gpstechserver.com/dispositivo/evidencias/vid/00D201207B/472386/1
00D2012BE7,500012,Following Distance Monitoring,0,ALERTA REAL,https://strapi_cemex.gpstechserver.com/dispositivo/evidencias/vid/00D2012BE7/500012/1
00D201207B,484486,Following Distance Monitoring,1,FALSO POSITIVO,https://strapi_cemex.gpstechserver.com/dispositivo/evidencias/vid/00D201207B/484486/1
00D201207B,484483,Following Distance Monitoring,0,ALERTA REAL,https://strapi_cemex.gpstechserver.com/dispositivo/evidencias/vid/00D201207B/484483/1
00D201207B,484439,Following Distance Monitoring,0,ALERTA REAL,https://strapi_cemex.gpstechserver.com/dispositivo/evidencias/vid/00D201207B/484439/1
00D2012BE7,500052,Following Distance Monitoring,0,ALERTA REAL,https://strapi_cemex.gpstechserver.com/dispositivo/evidencias/vid/00D2012BE7/500052/1
00D2012BE7,500053,Following Distance Monitoring,0,ALERTA REAL,https://strapi_cemex.gpstechserver.com/dispositivo/evidencias/vid/00D2012BE7/500053/1
00D201207B,479129,Following Distance Monitoring,0,ALERTA REAL,https://strapi_cemex.gpstechserver.com/dispositivo/evidencias/vid/00D201207B/479129/1
00D201207B,478917,Following Distance Monitoring,0,ALERTA REAL,https://strapi_cemex.gpstechserver.com/dispositivo/evidencias/vid/00D201207B/478917/1
00D201207B,478908,Following Distance Monitoring,1,FALSO POSITIVO,https://strapi_cemex.gpstechserver.com/dispositivo/evidencias/vid/00D201207B/478908/1
00D201207B,478901,Following Distance Monitoring,1,FALSO POSITIVO,https://strapi_cemex.gpstechserver.com/dispositivo/evidencias/vid/00D201207B/478901/1
00D201207B,478882,Following Distance Monitoring,1,FALSO POSITIVO,https://strapi_cemex.gpstechserver.com/dispositivo/evidencias/vid/00D201207B/478882/1
00D201207B,478880,Following Distance Monitoring,0,ALERTA REAL,https://strapi_cemex.gpstechserver.com/dispositivo/evidencias/vid/00D201207B/478880/1
00D201207B,478809,Following Distance Monitoring,1,FALSO POSITIVO,https://strapi_cemex.gpstechserver.com/dispositivo/evidencias/vid/00D201207B/478809/1
00D201207B,478806,Following Distance Monitoring,0,ALERTA REAL,https://strapi_cemex.gpstechserver.com/dispositivo/evidencias/vid/00D201207B/478806/1
00D201207B,478763,Following Distance Monitoring,0,ALERTA REAL,https://strapi_cemex.gpstechserver.com/dispositivo/evidencias/vid/00D201207B/478763/1
00D201207B,478756,Following Distance Monitoring,1,FALSO POSITIVO,https://strapi_cemex.gpstechserver.com/dispositivo/evidencias/vid/00D201207B/478756/1
00D201207B,478731,Following Distance Monitoring,0,ALERTA REAL,https://strapi_cemex.gpstechserver.com/dispositivo/evidencias/vid/00D201207B/478731/1
00D201207B,477007,Following Distance Monitoring,0,ALERTA REAL,https://strapi_cemex.gpstechserver.com/dispositivo/evidencias/vid/00D201207B/477007/1
00D201207B,476633,Following Distance Monitoring,0,ALERTA REAL,https://strapi_cemex.gpstechserver.com/dispositivo/evidencias/vid/00D201207B/476633/1
00D201207B,476400,Following Distance Monitoring,0,ALERTA REAL,https://strapi_cemex.gpstechserver.com/dispositivo/evidencias/vid/00D201207B/476400/1
00D201207B,476365,Following Distance Monitoring,0,ALERTA REAL,https://strapi_cemex.gpstechserver.com/dispositivo/evidencias/vid/00D201207B/476365/1
00D201207B,476347,Following Distance Monitoring,0,ALERTA REAL,https://strapi_cemex.gpstechserver.com/dispositivo/evidencias/vid/00D201207B/476347/1
00D201207B,476061,Following Distance Monitoring,0,ALERTA REAL,https://strapi_cemex.gpstechserver.com/dispositivo/evidencias/vid/00D201207B/476061/1
00D201207B,475709,Following Distance Monitoring,0,ALERTA REAL,https://strapi_cemex.gpstechserver.com/dispositivo/evidencias/vid/00D201207B/475709/1
00D201207B,475669,Following Distance Monitoring,0,ALERTA REAL,https://strapi_cemex.gpstechserver.com/dispositivo/evidencias/vid/00D201207B/475669/1
00D201207B,475524,Following Distance Monitoring,0,ALERTA REAL,https://strapi_cemex.gpstechserver.com/dispositivo/evidencias/vid/00D201207B/475524/1
00D201207B,474939,Following Distance Monitoring,0,ALERTA REAL,https://strapi_cemex.gpstechserver.com/dispositivo/evidencias/vid/00D201207B/474939/1
00D201207B,474921,Following Distance Monitoring,0,ALERTA REAL,https://strapi_cemex.gpstechserver.com/dispositivo/evidencias/vid/00D201207B/474921/1
00D201207B,474896,Following Distance Monitoring,0,ALERTA REAL,https://strapi_cemex.gpstechserver.com/dispositivo/evidencias/vid/00D201207B/474896/1
00D201207B,474427,Following Distance Monitoring,0,ALERTA REAL,https://strapi_cemex.gpstechserver.com/dispositivo/evidencias/vid/00D201207B/474427/1
00D201207B,474342,Following Distance Monitoring,0,ALERTA REAL,https://strapi_cemex.gpstechserver.com/dispositivo/evidencias/vid/00D201207B/474342/1
00D201207B,473719,Following Distance Monitoring,0,ALERTA REAL,https://strapi_cemex.gpstechserver.com/dispositivo/evidencias/vid/00D201207B/473719/1
00D201207B,472653,Following Distance Monitoring,0,ALERTA REAL,https://strapi_cemex.gpstechserver.com/dispositivo/evidencias/vid/00D201207B/472653/1
00D201207B,472628,Following Distance Monitoring,0,ALERTA REAL,https://strapi_cemex.gpstechserver.com/dispositivo/evidencias/vid/00D201207B/472628/1
00D201207B,472617,Following Distance Monitoring,0,ALERTA REAL,https://strapi_cemex.gpstechserver.com/dispositivo/evidencias/vid/00D201207B/472617/1
00D201207B,472591,Following Distance Monitoring,0,ALERTA REAL,https://strapi_cemex.gpstechserver.com/dispositivo/evidencias/vid/00D201207B/472591/1
00D201207B,472585,Following Distance Monitoring,0,ALERTA REAL,https://strapi_cemex.gpstechserver.com/dispositivo/evidencias/vid/00D201207B/472585/1
00D201207B,472552,Following Distance Monitoring,0,ALERTA REAL,https://strapi_cemex.gpstechserver.com/dispositivo/evidencias/vid/00D201207B/472552/1
00D201207B,468422,Following Distance Monitoring,0,ALERTA REAL,https://strapi_cemex.gpstechserver.com/dispositivo/evidencias/vid/00D201207B/468422/1
00D201207B,468335,Following Distance Monitoring,0,ALERTA REAL,https://strapi_cemex.gpstechserver.com/dispositivo/evidencias/vid/00D201207B/468335/1
00D201207B,468297,Following Distance Monitoring,0,ALERTA REAL,https://strapi_cemex.gpstechserver.com/dispositivo/evidencias/vid/00D201207B/468297/1
00D201207B,467671,Following Distance Monitoring,0,ALERTA REAL,https://strapi_cemex.gpstechserver.com/dispositivo/evidencias/vid/00D201207B/467671/1
00D201207B,466914,Following Distance Monitoring,0,ALERTA REAL,https://strapi_cemex.gpstechserver.com/dispositivo/evidencias/vid/00D201207B/466914/1
00D201207B,465521,Following Distance Monitoring,0,ALERTA REAL,https://strapi_cemex.gpstechserver.com/dispositivo/evidencias/vid/00D201207B/465521/1
00D201207B,465475,Following Distance Monitoring,0,ALERTA REAL,https://strapi_cemex.gpstechserver.com/dispositivo/evidencias/vid/00D201207B/465475/1
00D201207B,464803,Following Distance Monitoring,0,ALERTA REAL,https://strapi_cemex.gpstechserver.com/dispositivo/evidencias/vid/00D201207B/464803/1
00D201207B,464737,Following Distance Monitoring,0,ALERTA REAL,https://strapi_cemex.gpstechserver.com/dispositivo/evidencias/vid/00D201207B/464737/1
00D201207B,461559,Following Distance Monitoring,0,ALERTA REAL,https://strapi_cemex.gpstechserver.com/dispositivo/evidencias/vid/00D201207B/461559/1
00D201207B,460576,Following Distance Monitoring,0,ALERTA REAL,https://strapi_cemex.gpstechserver.com/dispositivo/evidencias/vid/00D201207B/460576/1
00D201207B,459590,Following Distance Monitoring,0,ALERTA REAL,https://strapi_cemex.gpstechserver.com/dispositivo/evidencias/vid/00D201207B/459590/1
00D201207B,459562,Following Distance Monitoring,0,ALERTA REAL,https://strapi_cemex.gpstechserver.com/dispositivo/evidencias/vid/00D201207B/459562/1
00D201207B,459558,Following Distance Monitoring,1,FALSO POSITIVO,https://strapi_cemex.gpstechserver.com/dispositivo/evidencias/vid/00D201207B/459558/1
00D201207B,456485,Following Distance Monitoring,1,FALSO POSITIVO,https://strapi_cemex.gpstechserver.com/dispositivo/evidencias/vid/00D201207B/456485/1
00D201207B,456093,Following Distance Monitoring,0,ALERTA REAL,https://strapi_cemex.gpstechserver.com/dispositivo/evidencias/vid/00D201207B/456093/1
00D201207B,454118,Following Distance Monitoring,1,FALSO POSITIVO,https://strapi_cemex.gpstechserver.com/dispositivo/evidencias/vid/00D201207B/454118/1
00D201207B,453964,Following Distance Monitoring,0,ALERTA REAL,https://strapi_cemex.gpstechserver.com/dispositivo/evidencias/vid/00D201207B/453964/1
00D201207B,453978,Following Distance Monitoring,1,FALSO POSITIVO,https://strapi_cemex.gpstechserver.com/dispositivo/evidencias/vid/00D201207B/453978/1
00D201207B,454009,Following Distance Monitoring,1,FALSO POSITIVO,https://strapi_cemex.gpstechserver.com/dispositivo/evidencias/vid/00D201207B/454009/1
00D201207B,453859,Following Distance Monitoring,1,FALSO POSITIVO,https://strapi_cemex.gpstechserver.com/dispositivo/evidencias/vid/00D201207B/453859/1
00D201207B,453718,Following Distance Monitoring,1,FALSO POSITIVO,https://strapi_cemex.gpstechserver.com/dispositivo/evidencias/vid/00D201207B/453718/1
00D201207B,453768,Following Distance Monitoring,0,ALERTA REAL,https://strapi_cemex.gpstechserver.com/dispositivo/evidencias/vid/00D201207B/453768/1
00D201207B,453855,Following Distance Monitoring,0,ALERTA REAL,https://strapi_cemex.gpstechserver.com/dispositivo/evidencias/vid/00D201207B/453855/1
00D201207B,454077,Following Distance Monitoring,0,ALERTA REAL,https://strapi_cemex.gpstechserver.com/dispositivo/evidencias/vid/00D201207B/454077/1
00D201207B,452909,Following Distance Monitoring,0,ALERTA REAL,https://strapi_cemex.gpstechserver.com/dispositivo/evidencias/vid/00D201207B/452909/1
00D201207B,452872,Following Distance Monitoring,0,ALERTA REAL,https://strapi_cemex.gpstechserver.com/dispositivo/evidencias/vid/00D201207B/452872/1
00D201207B,452875,Following Distance Monitoring,0,ALERTA REAL,https://strapi_cemex.gpstechserver.com/dispositivo/evidencias/vid/00D201207B/452875/1
00D201207B,452802,Following Distance Monitoring,0,ALERTA REAL,https://strapi_cemex.gpstechserver.com/dispositivo/evidencias/vid/00D201207B/452802/1
00D201207B,452811,Following Distance Monitoring,0,ALERTA REAL,https://strapi_cemex.gpstechserver.com/dispositivo/evidencias/vid/00D201207B/452811/1
00D201207B,452813,Following Distance Monitoring,1,FALSO POSITIVO,https://strapi_cemex.gpstechserver.com/dispositivo/evidencias/vid/00D201207B/452813/1
00D201207B,452699,Following Distance Monitoring,1,FALSO POSITIVO,https://strapi_cemex.gpstechserver.com/dispositivo/evidencias/vid/00D201207B/452699/1
00D201207B,452620,Following Distance Monitoring,0,ALERTA REAL,https://strapi_cemex.gpstechserver.com/dispositivo/evidencias/vid/00D201207B/452620/1
00D201207B,450577,Following Distance Monitoring,0,ALERTA REAL,https://strapi_cemex.gpstechserver.com/dispositivo/evidencias/vid/00D201207B/450577/1
00D201207B,449697,Following Distance Monitoring,0,ALERTA REAL,https://strapi_cemex.gpstechserver.com/dispositivo/evidencias/vid/00D201207B/449697/1
00D201207B,449554,Following Distance Monitoring,1,FALSO POSITIVO,https://strapi_cemex.gpstechserver.com/dispositivo/evidencias/vid/00D201207B/449554/1
00D201207B,449548,Following Distance Monitoring,0,ALERTA REAL,https://strapi_cemex.gpstechserver.com/dispositivo/evidencias/vid/00D201207B/449548/1
00D201207B,449323,Following Distance Monitoring,0,ALERTA REAL,https://strapi_cemex.gpstechserver.com/dispositivo/evidencias/vid/00D201207B/449323/1
00D2029D2C,505822,Following Distance Monitoring,1,FALSO POSITIVO,https://strapi_cemex.gpstechserver.com/dispositivo/evidencias/vid/00D2029D2C/505822/1
00D2029D2C,505802,Following Distance Monitoring,1,FALSO POSITIVO,https://strapi_cemex.gpstechserver.com/dispositivo/evidencias/vid/00D2029D2C/505802/1
00D2029D2C,505796,Following Distance Monitoring,1,FALSO POSITIVO,https://strapi_cemex.gpstechserver.com/dispositivo/evidencias/vid/00D2029D2C/505796/1
00D2029D2C,505786,Following Distance Monitoring,1,FALSO POSITIVO,https://strapi_cemex.gpstechserver.com/dispositivo/evidencias/vid/00D2029D2C/505786/1
00D2029D2C,505783,Following Distance Monitoring,1,FALSO POSITIVO,https://strapi_cemex.gpstechserver.com/dispositivo/evidencias/vid/00D2029D2C/505783/1
00D2029D2C,505779,Following Distance Monitoring,1,FALSO POSITIVO,https://strapi_cemex.gpstechserver.com/dispositivo/evidencias/vid/00D2029D2C/505779/1
00D2029D2C,505769,Following Distance Monitoring,1,FALSO POSITIVO,https://strapi_cemex.gpstechserver.com/dispositivo/evidencias/vid/00D2029D2C/505769/1
00D2029D2C,505765,Following Distance Monitoring,1,FALSO POSITIVO,https://strapi_cemex.gpstechserver.com/dispositivo/evidencias/vid/00D2029D2C/505765/1
00D2029D2C,505763,Following Distance Monitoring,1,FALSO POSITIVO,https://strapi_cemex.gpstechserver.com/dispositivo/evidencias/vid/00D2029D2C/505763/1
00D2029D2C,505720,Following Distance Monitoring,1,FALSO POSITIVO,https://strapi_cemex.gpstechserver.com/dispositivo/evidencias/vid/00D2029D2C/505720/1
00D2029D2C,505755,Following Distance Monitoring,1,FALSO POSITIVO,https://strapi_cemex.gpstechserver.com/dispositivo/evidencias/vid/00D2029D2C/505755/1
00D2029D2C,505711,Following Distance Monitoring,1,FALSO POSITIVO,https://strapi_cemex.gpstechserver.com/dispositivo/evidencias/vid/00D2029D2C/505711/1
00D2029D2C,505499,Following Distance Monitoring,1,FALSO POSITIVO,https://strapi_cemex.gpstechserver.com/dispositivo/evidencias/vid/00D2029D2C/505499/1
00D2012BE7,499979,Pedestrian Collision Warning,0,ALERTA REAL,https://strapi_cemex.gpstechserver.com/dispositivo/evidencias/vid/00D2012BE7/499979/1
00D201207B,484389,Pedestrian Collision Warning,0,ALERTA REAL,https://strapi_cemex.gpstechserver.com/dispositivo/evidencias/vid/00D201207B/484389/1
00D201207B,478693,Pedestrian Collision Warning,1,FALSO POSITIVO,https://strapi_cemex.gpstechserver.com/dispositivo/evidencias/vid/00D201207B/478693/1
00D201207B,478650,Pedestrian Collision Warning,1,FALSO POSITIVO,https://strapi_cemex.gpstechserver.com/dispositivo/evidencias/vid/00D201207B/478650/1
00D201207B,478646,Pedestrian Collision Warning,0,ALERTA REAL,https://strapi_cemex.gpstechserver.com/dispositivo/evidencias/vid/00D201207B/478646/1
00D201207B,478648,Pedestrian Collision Warning,0,ALERTA REAL,https://strapi_cemex.gpstechserver.com/dispositivo/evidencias/vid/00D201207B/478648/1
00D201207B,478620,Pedestrian Collision Warning,0,ALERTA REAL,https://strapi_cemex.gpstechserver.com/dispositivo/evidencias/vid/00D201207B/478620/1
00D201207B,478618,Pedestrian Collision Warning,0,ALERTA REAL,https://strapi_cemex.gpstechserver.com/dispositivo/evidencias/vid/00D201207B/478618/1
00D201207B,478619,Pedestrian Collision Warning,0,ALERTA REAL,https://strapi_cemex.gpstechserver.com/dispositivo/evidencias/vid/00D201207B/478619/1
00D201207B,478627,Pedestrian Collision Warning,0,ALERTA REAL,https://strapi_cemex.gpstechserver.com/dispositivo/evidencias/vid/00D201207B/478627/1
00D201207B,478617,Pedestrian Collision Warning,0,ALERTA REAL,https://strapi_cemex.gpstechserver.com/dispositivo/evidencias/vid/00D201207B/478617/1
00D201207B,478584,Pedestrian Collision Warning,0,ALERTA REAL,https://strapi_cemex.gpstechserver.com/dispositivo/evidencias/vid/00D201207B/478584/1
00D201207B,476626,Pedestrian Collision Warning,1,FALSO POSITIVO,https://strapi_cemex.gpstechserver.com/dispositivo/evidencias/vid/00D201207B/476626/1
00D201207B,476055,Pedestrian Collision Warning,0,ALERTA REAL,https://strapi_cemex.gpstechserver.com/dispositivo/evidencias/vid/00D201207B/476055/1
00D201207B,475766,Pedestrian Collision Warning,1,FALSO POSITIVO,https://strapi_cemex.gpstechserver.com/dispositivo/evidencias/vid/00D201207B/475766/1
00D201207B,475379,Pedestrian Collision Warning,0,ALERTA REAL,https://strapi_cemex.gpstechserver.com/dispositivo/evidencias/vid/00D201207B/475379/1
00D201207B,475303,Pedestrian Collision Warning,0,ALERTA REAL,https://strapi_cemex.gpstechserver.com/dispositivo/evidencias/vid/00D201207B/475303/1
00D201207B,474904,Pedestrian Collision Warning,0,ALERTA REAL,https://strapi_cemex.gpstechserver.com/dispositivo/evidencias/vid/00D201207B/474904/1
00D201207B,474325,Pedestrian Collision Warning,0,ALERTA REAL,https://strapi_cemex.gpstechserver.com/dispositivo/evidencias/vid/00D201207B/474325/1
00D201207B,473716,Pedestrian Collision Warning,1,FALSO POSITIVO,https://strapi_cemex.gpstechserver.com/dispositivo/evidencias/vid/00D201207B/473716/1
00D201207B,473388,Pedestrian Collision Warning,1,FALSO POSITIVO,https://strapi_cemex.gpstechserver.com/dispositivo/evidencias/vid/00D201207B/473388/1
00D201207B,473329,Pedestrian Collision Warning,1,FALSO POSITIVO,https://strapi_cemex.gpstechserver.com/dispositivo/evidencias/vid/00D201207B/473329/1
00D201207B,472478,Pedestrian Collision Warning,0,ALERTA REAL,https://strapi_cemex.gpstechserver.com/dispositivo/evidencias/vid/00D201207B/472478/1
00D201207B,470491,Pedestrian Collision Warning,0,ALERTA REAL,https://strapi_cemex.gpstechserver.com/dispositivo/evidencias/vid/00D201207B/470491/1
00D201207B,467608,Pedestrian Collision Warning,1,FALSO POSITIVO,https://strapi_cemex.gpstechserver.com/dispositivo/evidencias/vid/00D201207B/467608/1
00D201207B,467601,Pedestrian Collision Warning,1,FALSO POSITIVO,https://strapi_cemex.gpstechserver.com/dispositivo/evidencias/vid/00D201207B/467601/1
00D201207B,466611,Pedestrian Collision Warning,0,ALERTA REAL,https://strapi_cemex.gpstechserver.com/dispositivo/evidencias/vid/00D201207B/466611/1
00D201207B,466570,Pedestrian Collision Warning,0,ALERTA REAL,https://strapi_cemex.gpstechserver.com/dispositivo/evidencias/vid/00D201207B/466570/1
00D201207B,466562,Pedestrian Collision Warning,1,FALSO POSITIVO,https://strapi_cemex.gpstechserver.com/dispositivo/evidencias/vid/00D201207B/466562/1
00D201207B,466481,Pedestrian Collision Warning,1,FALSO POSITIVO,https://strapi_cemex.gpstechserver.com/dispositivo/evidencias/vid/00D201207B/466481/1
00D201207B,459729,Pedestrian Collision Warning,0,ALERTA REAL,https://strapi_cemex.gpstechserver.com/dispositivo/evidencias/vid/00D201207B/459729/1
00D201207B,456320,Pedestrian Collision Warning,1,FALSO POSITIVO,https://strapi_cemex.gpstechserver.com/dispositivo/evidencias/vid/00D201207B/456320/1
00D201207B,456318,Pedestrian Collision Warning,1,FALSO POSITIVO,https://strapi_cemex.gpstechserver.com/dispositivo/evidencias/vid/00D201207B/456318/1
00D201207B,456232,Pedestrian Collision Warning,1,FALSO POSITIVO,https://strapi_cemex.gpstechserver.com/dispositivo/evidencias/vid/00D201207B/456232/1
00D201207B,455597,Pedestrian Collision Warning,1,FALSO POSITIVO,https://strapi_cemex.gpstechserver.com/dispositivo/evidencias/vid/00D201207B/455597/1
00D201207B,452582,Pedestrian Collision Warning,1,FALSO POSITIVO,https://strapi_cemex.gpstechserver.com/dispositivo/evidencias/vid/00D201207B/452582/1
00D201207B,451223,Pedestrian Collision Warning,0,ALERTA REAL,https://strapi_cemex.gpstechserver.com/dispositivo/evidencias/vid/00D201207B/451223/1
00D201207B,449727,Pedestrian Collision Warning,1,FALSO POSITIVO,https://strapi_cemex.gpstechserver.com/dispositivo/evidencias/vid/00D201207B/449727/1
00D201207B,449690,Pedestrian Collision Warning,0,ALERTA REAL,https://strapi_cemex.gpstechserver.com/dispositivo/evidencias/vid/00D201207B/449690/1
00D201207B,449455,Pedestrian Collision Warning,1,FALSO POSITIVO,https://strapi_cemex.gpstechserver.com/dispositivo/evidencias/vid/00D201207B/449455/1
00D2012BE7,507810,Pedestrian Collision Warning,1,FALSO POSITIVO,https://strapi_cemex.gpstechserver.com/dispositivo/evidencias/vid/00D2012BE7/507810/1
00D2012BE7,507784,Pedestrian Collision Warning,0,ALERTA REAL,https://strapi_cemex.gpstechserver.com/dispositivo/evidencias/vid/00D2012BE7/507784/1
00D2012BE7,507700,Pedestrian Collision Warning,0,ALERTA REAL,https://strapi_cemex.gpstechserver.com/dispositivo/evidencias/vid/00D2012BE7/507700/1
00D2012BE7,507726,Pedestrian Collision Warning,0,ALERTA REAL,https://strapi_cemex.gpstechserver.com/dispositivo/evidencias/vid/00D2012BE7/507726/1
00D2012BE7,507547,Pedestrian Collision Warning,0,ALERTA REAL,https://strapi_cemex.gpstechserver.com/dispositivo/evidencias/vid/00D2012BE7/507547/1
00D2012BE7,507530,Pedestrian Collision Warning,0,ALERTA REAL,https://strapi_cemex.gpstechserver.com/dispositivo/evidencias/vid/00D2012BE7/507530/1
00D2012BE7,507486,Pedestrian Collision Warning,0,ALERTA REAL,https://strapi_cemex.gpstechserver.com/dispositivo/evidencias/vid/00D2012BE7/507486/1
00D2012BE7,507361,Pedestrian Collision Warning,1,FALSO POSITIVO,https://strapi_cemex.gpstechserver.com/dispositivo/evidencias/vid/00D2012BE7/507361/1
00D2012BE7,507052,Pedestrian Collision Warning,0,ALERTA REAL,https://strapi_cemex.gpstechserver.com/dispositivo/evidencias/vid/00D2012BE7/507052/1
00D2012BE7,506790,Pedestrian Collision Warning,0,ALERTA REAL,https://strapi_cemex.gpstechserver.com/dispositivo/evidencias/vid/00D2012BE7/506790/1
00D2012BE7,506735,Pedestrian Collision Warning,0,ALERTA REAL,https://strapi_cemex.gpstechserver.com/dispositivo/evidencias/vid/00D2012BE7/506735/1
00D2012BE7,506534,Pedestrian Collision Warning,0,ALERTA REAL,https://strapi_cemex.gpstechserver.com/dispositivo/evidencias/vid/00D2012BE7/506534/1
00D2012BE7,506483,Pedestrian Collision Warning,0,ALERTA REAL,https://strapi_cemex.gpstechserver.com/dispositivo/evidencias/vid/00D2012BE7/506483/1
00D2012BE7,506482,Pedestrian Collision Warning,0,ALERTA REAL,https://strapi_cemex.gpstechserver.com/dispositivo/evidencias/vid/00D2012BE7/506482/1
00D2012BE7,505919,Pedestrian Collision Warning,0,ALERTA REAL,https://strapi_cemex.gpstechserver.com/dispositivo/evidencias/vid/00D2012BE7/505919/1
00D2012BE7,505502,Pedestrian Collision Warning,1,FALSO POSITIVO,https://strapi_cemex.gpstechserver.com/dispositivo/evidencias/vid/00D2012BE7/505502/1
00D2012BE7,503307,Pedestrian Collision Warning,0,ALERTA REAL,https://strapi_cemex.gpstechserver.com/dispositivo/evidencias/vid/00D2012BE7/503307/1
00D2012BE7,501847,Pedestrian Collision Warning,0,ALERTA REAL,https://strapi_cemex.gpstechserver.com/dispositivo/evidencias/vid/00D2012BE7/501847/1
00D2012BE7,501848,Pedestrian Collision Warning,0,ALERTA REAL,https://strapi_cemex.gpstechserver.com/dispositivo/evidencias/vid/00D2012BE7/501848/1
00D2012BE7,501846,Pedestrian Collision Warning,0,ALERTA REAL,https://strapi_cemex.gpstechserver.com/dispositivo/evidencias/vid/00D2012BE7/501846/1
00D2012BE7,501298,Pedestrian Collision Warning,0,ALERTA REAL,https://strapi_cemex.gpstechserver.com/dispositivo/evidencias/vid/00D2012BE7/501298/1
00D2012BE7,501282,Pedestrian Collision Warning,0,ALERTA REAL,https://strapi_cemex.gpstechserver.com/dispositivo/evidencias/vid/00D2012BE7/501282/1
00D2012BE7,501281,Pedestrian Collision Warning,0,ALERTA REAL,https://strapi_cemex.gpstechserver.com/dispositivo/evidencias/vid/00D2012BE7/501281/1
00D2012BE7,500737,Pedestrian Collision Warning,1,FALSO POSITIVO,https://strapi_cemex.gpstechserver.com/dispositivo/evidencias/vid/00D2012BE7/500737/1
00D2012BE7,500770,Pedestrian Collision Warning,1,FALSO POSITIVO,https://strapi_cemex.gpstechserver.com/dispositivo/evidencias/vid/00D2012BE7/500770/1
00D2012BE7,500493,Pedestrian Collision Warning,0,ALERTA REAL,https://strapi_cemex.gpstechserver.com/dispositivo/evidencias/vid/00D2012BE7/500493/1
00D2012BE7,499915,Pedestrian Collision Warning,0,ALERTA REAL,https://strapi_cemex.gpstechserver.com/dispositivo/evidencias/vid/00D2012BE7/499915/1
00D2012BE7,499908,Pedestrian Collision Warning,1,FALSO POSITIVO,https://strapi_cemex.gpstechserver.com/dispositivo/evidencias/vid/00D2012BE7/499908/1
00D2012BE7,499819,Pedestrian Collision Warning,0,ALERTA REAL,https://strapi_cemex.gpstechserver.com/dispositivo/evidencias/vid/00D2012BE7/499819/1
00D2012BE7,499743,Pedestrian Collision Warning,1,FALSO POSITIVO,https://strapi_cemex.gpstechserver.com/dispositivo/evidencias/vid/00D2012BE7/499743/1
00D2012BE7,499666,Pedestrian Collision Warning,0,ALERTA REAL,https://strapi_cemex.gpstechserver.com/dispositivo/evidencias/vid/00D2012BE7/499666/1
00D2012BE7,499194,Pedestrian Collision Warning,1,FALSO POSITIVO,https://strapi_cemex.gpstechserver.com/dispositivo/evidencias/vid/00D2012BE7/499194/1
00D2012BE7,499101,Pedestrian Collision Warning,0,ALERTA REAL,https://strapi_cemex.gpstechserver.com/dispositivo/evidencias/vid/00D2012BE7/499101/1
00D2012BE7,498951,Pedestrian Collision Warning,0,ALERTA REAL,https://strapi_cemex.gpstechserver.com/dispositivo/evidencias/vid/00D2012BE7/498951/1
00D2012BE7,498916,Pedestrian Collision Warning,0,ALERTA REAL,https://strapi_cemex.gpstechserver.com/dispositivo/evidencias/vid/00D2012BE7/498916/1
00D2012BE7,497943,Pedestrian Collision Warning,0,ALERTA REAL,https://strapi_cemex.gpstechserver.com/dispositivo/evidencias/vid/00D2012BE7/497943/1
00D2012BE7,497955,Pedestrian Collision Warning,1,FALSO POSITIVO,https://strapi_cemex.gpstechserver.com/dispositivo/evidencias/vid/00D2012BE7/497955/1
00D2012BE7,483846,Pedestrian Collision Warning,0,ALERTA REAL,https://strapi_cemex.gpstechserver.com/dispositivo/evidencias/vid/00D2012BE7/483846/1
00D2012BE7,483807,Pedestrian Collision Warning,1,FALSO POSITIVO,https://strapi_cemex.gpstechserver.com/dispositivo/evidencias/vid/00D2012BE7/483807/1
00D2012BE7,499222,Pedestrian Collision Warning,0,ALERTA REAL,https://strapi_cemex.gpstechserver.com/dispositivo/evidencias/vid/00D2012BE7/499222/1
00D2012BE7,483214,Pedestrian Collision Warning,0,ALERTA REAL,https://strapi_cemex.gpstechserver.com/dispositivo/evidencias/vid/00D2012BE7/483214/1
00D2012BE7,482825,Pedestrian Collision Warning,0,ALERTA REAL,https://strapi_cemex.gpstechserver.com/dispositivo/evidencias/vid/00D2012BE7/482825/1
00D2012BE7,492022,Pedestrian Collision Warning,0,ALERTA REAL,https://strapi_cemex.gpstechserver.com/dispositivo/evidencias/vid/00D2012BE7/492022/1
00D2012BE7,482302,Pedestrian Collision Warning,0,ALERTA REAL,https://strapi_cemex.gpstechserver.com/dispositivo/evidencias/vid/00D2012BE7/482302/1
00D2012BE7,481931,Pedestrian Collision Warning,0,ALERTA REAL,https://strapi_cemex.gpstechserver.com/dispositivo/evidencias/vid/00D2012BE7/481931/1
00D2012BE7,481901,Pedestrian Collision Warning,0,ALERTA REAL,https://strapi_cemex.gpstechserver.com/dispositivo/evidencias/vid/00D2012BE7/481901/1
00D2012BE7,481348,Pedestrian Collision Warning,0,ALERTA REAL,https://strapi_cemex.gpstechserver.com/dispositivo/evidencias/vid/00D2012BE7/481348/1
00D2012BE7,481251,Pedestrian Collision Warning,0,ALERTA REAL,https://strapi_cemex.gpstechserver.com/dispositivo/evidencias/vid/00D2012BE7/481251/1
00D2012BE7,480481,Pedestrian Collision Warning,0,ALERTA REAL,https://strapi_cemex.gpstechserver.com/dispositivo/evidencias/vid/00D2012BE7/480481/1
00D2012BE7,480134,Pedestrian Collision Warning,0,ALERTA REAL,https://strapi_cemex.gpstechserver.com/dispositivo/evidencias/vid/00D2012BE7/480134/1
00D2012BE7,479111,Pedestrian Collision Warning,1,FALSO POSITIVO,https://strapi_cemex.gpstechserver.com/dispositivo/evidencias/vid/00D2012BE7/479111/1
00D2012BE7,479104,Pedestrian Collision Warning,0,ALERTA REAL,https://strapi_cemex.gpstechserver.com/dispositivo/evidencias/vid/00D2012BE7/479104/1
00D2012BE7,478531,Pedestrian Collision Warning,0,ALERTA REAL,https://strapi_cemex.gpstechserver.com/dispositivo/evidencias/vid/00D2012BE7/478531/1
00D2012BE7,477997,Pedestrian Collision Warning,0,ALERTA REAL,https://strapi_cemex.gpstechserver.com/dispositivo/evidencias/vid/00D2012BE7/477997/1
00D2012BE7,477995,Pedestrian Collision Warning,1,FALSO POSITIVO,https://strapi_cemex.gpstechserver.com/dispositivo/evidencias/vid/00D2012BE7/477995/1
00D2012BE7,477992,Pedestrian Collision Warning,0,ALERTA REAL,https://strapi_cemex.gpstechserver.com/dispositivo/evidencias/vid/00D2012BE7/477992/1
00D2012BE7,473802,Pedestrian Collision Warning,0,ALERTA REAL,https://strapi_cemex.gpstechserver.com/dispositivo/evidencias/vid/00D2012BE7/473802/1
00D2012BE7,473454,Pedestrian Collision Warning,0,ALERTA REAL,https://strapi_cemex.gpstechserver.com/dispositivo/evidencias/vid/00D2012BE7/473454/1
00D2012BE7,488788,Pedestrian Collision Warning,0,ALERTA REAL,https://strapi_cemex.gpstechserver.com/dispositivo/evidencias/vid/00D2012BE7/488788/1
00D2012BE7,488760,Pedestrian Collision Warning,0,ALERTA REAL,https://strapi_cemex.gpstechserver.com/dispositivo/evidencias/vid/00D2012BE7/488760/1
00D2012BE7,472111,Pedestrian Collision Warning,0,ALERTA REAL,https://strapi_cemex.gpstechserver.com/dispositivo/evidencias/vid/00D2012BE7/472111/1
00D2012BE7,471305,Pedestrian Collision Warning,0,ALERTA REAL,https://strapi_cemex.gpstechserver.com/dispositivo/evidencias/vid/00D2012BE7/471305/1
00D2012BE7,471304,Pedestrian Collision Warning,0,ALERTA REAL,https://strapi_cemex.gpstechserver.com/dispositivo/evidencias/vid/00D2012BE7/471304/1
00D2012BE7,488730,Pedestrian Collision Warning,0,ALERTA REAL,https://strapi_cemex.gpstechserver.com/dispositivo/evidencias/vid/00D2012BE7/488730/1
00D201207B,475579,Forward Collision Warning,0,ALERTA REAL,https://strapi_cemex.gpstechserver.com/dispositivo/evidencias/vid/00D201207B/475579/1
00D201207B,475519,Forward Collision Warning,0,ALERTA REAL,https://strapi_cemex.gpstechserver.com/dispositivo/evidencias/vid/00D201207B/475519/1
00D201207B,475392,Forward Collision Warning,0,ALERTA REAL,https://strapi_cemex.gpstechserver.com/dispositivo/evidencias/vid/00D201207B/475392/1
00D201207B,475300,Forward Collision Warning,1,FALSO POSITIVO,https://strapi_cemex.gpstechserver.com/dispositivo/evidencias/vid/00D201207B/475300/1
00D201207B,474911,Lane departure,0,ALERTA REAL,https://strapi_cemex.gpstechserver.com/dispositivo/evidencias/vid/00D201207B/474911/1
00D201207B,474899,Forward Collision Warning,1,FALSO POSITIVO,https://strapi_cemex.gpstechserver.com/dispositivo/evidencias/vid/00D201207B/474899/1
00D201207B,474895,Forward Collision Warning,0,ALERTA REAL,https://strapi_cemex.gpstechserver.com/dispositivo/evidencias/vid/00D201207B/474895/1
00D201207B,474891,Lane departure,0,ALERTA REAL,https://strapi_cemex.gpstechserver.com/dispositivo/evidencias/vid/00D201207B/474891/1
00D201207B,474442,Forward Collision Warning,0,ALERTA REAL,https://strapi_cemex.gpstechserver.com/dispositivo/evidencias/vid/00D201207B/474442/1
00D201207B,474422,Lane departure,0,ALERTA REAL,https://strapi_cemex.gpstechserver.com/dispositivo/evidencias/vid/00D201207B/474422/1
00D201207B,474409,Lane departure,0,ALERTA REAL,https://strapi_cemex.gpstechserver.com/dispositivo/evidencias/vid/00D201207B/474409/1
00D201207B,474403,Lane departure,1,FALSO POSITIVO,https://strapi_cemex.gpstechserver.com/dispositivo/evidencias/vid/00D201207B/474403/1
00D201207B,474395,Forward Collision Warning,1,FALSO POSITIVO,https://strapi_cemex.gpstechserver.com/dispositivo/evidencias/vid/00D201207B/474395/1
00D201207B,474389,Forward Collision Warning,0,ALERTA REAL,https://strapi_cemex.gpstechserver.com/dispositivo/evidencias/vid/00D201207B/474389/1
00D201207B,474388,Lane departure,0,ALERTA REAL,https://strapi_cemex.gpstechserver.com/dispositivo/evidencias/vid/00D201207B/474388/1
00D201207B,474344,Lane departure,0,ALERTA REAL,https://strapi_cemex.gpstechserver.com/dispositivo/evidencias/vid/00D201207B/474344/1
00D201207B,474339,Lane departure,0,ALERTA REAL,https://strapi_cemex.gpstechserver.com/dispositivo/evidencias/vid/00D201207B/474339/1
00D201207B,474338,Forward Collision Warning,0,ALERTA REAL,https://strapi_cemex.gpstechserver.com/dispositivo/evidencias/vid/00D201207B/474338/1
00D201207B,474329,Forward Collision Warning,0,ALERTA REAL,https://strapi_cemex.gpstechserver.com/dispositivo/evidencias/vid/00D201207B/474329/1
00D201207B,474313,Forward Collision Warning,0,ALERTA REAL,https://strapi_cemex.gpstechserver.com/dispositivo/evidencias/vid/00D201207B/474313/1
00D201207B,474269,Lane departure,0,ALERTA REAL,https://strapi_cemex.gpstechserver.com/dispositivo/evidencias/vid/00D201207B/474269/1
00D201207B,473934,Lane departure,1,FALSO POSITIVO,https://strapi_cemex.gpstechserver.com/dispositivo/evidencias/vid/00D201207B/473934/1
00D201207B,473918,Lane departure,0,ALERTA REAL,https://strapi_cemex.gpstechserver.com/dispositivo/evidencias/vid/00D201207B/473918/1
00D201207B,473908,Lane departure,1,FALSO POSITIVO,https://strapi_cemex.gpstechserver.com/dispositivo/evidencias/vid/00D201207B/473908/1
